method,params,M,nbits,qtype,hnsw_M,efConstruction,efSearch,code_bytes_per_vec,compression_ratio,train_time,add_time,build_time,memory_usage_mb,search_time_us,recall_at_1,recall_at_5,recall_at_10
Flat,Flat,,,,,,,128.0,1.0,0.0,0.0006861686706542969,0.0006861686706542969,6.103515625,39942.53635406494,1.0,1.0,1.0
HNSW-Flat,"HNSW_M=32, efS=64",,,,32.0,200.0,64.0,128.0,1.0,0.0,0.30956482887268066,0.30956482887268066,6.103515625,421.5240478515625,1.0,0.976,0.9699999999999999
HNSW-SQ,"HNSW_M=32, QT_8bit, efS=64",,,QT_8bit,32.0,200.0,64.0,32.0,4.0,0.0003662109375,0.2936985492706299,0.2940647602081299,1.52587890625,601.506233215332,1.0,0.96,0.9559999999999996
HNSW-SQ,"HNSW_M=32, QT_4bit, efS=64",,,QT_4bit,32.0,200.0,64.0,16.0,8.0,0.0003647804260253906,0.35896992683410645,0.35933470726013184,0.762939453125,595.1166152954102,0.7,0.6680000000000004,0.6900000000000002
HNSW-PQ,"HNSW_M=32, PQ(M=4,nbits=4), efS=64",4.0,4.0,,32.0,200.0,64.0,2.0,64.0,48.03219985961914,0.4123237133026123,48.44452357292175,0.095367431640625,586.4620208740234,0.3,0.3119999999999999,0.34399999999999986
HNSW-PQ,"HNSW_M=32, PQ(M=4,nbits=8), efS=64",4.0,8.0,,32.0,200.0,64.0,4.0,32.0,48.28386902809143,0.4045407772064209,48.68840980529785,0.19073486328125,596.9047546386719,0.48,0.39199999999999974,0.40199999999999997
HNSW-PQ,"HNSW_M=32, PQ(M=8,nbits=4), efS=64",8.0,4.0,,32.0,200.0,64.0,4.0,32.0,48.051483154296875,0.6643435955047607,48.715826749801636,0.19073486328125,588.07373046875,0.58,0.5720000000000002,0.6100000000000001
HNSW-PQ,"HNSW_M=32, PQ(M=8,nbits=8), efS=64",8.0,8.0,,32.0,200.0,64.0,8.0,16.0,48.573468923568726,0.43824028968811035,49.011709213256836,0.3814697265625,595.2835083007812,0.82,0.768,0.7379999999999999
